object_id,watershed_name,watershed_code,latitude,longitude
1,Agrani River Lower,4D5E4,16.799555,75.017764
2,Agrani River Upper,4D5E5,16.910431,74.993699
3,Aigur-Bilaha Halla,4B4B4,12.792557,75.868458
4,Akki Alur_Varada River,4D4F5,14.634984,75.046824
5,Anawar Nadi,4D5C1,16.58671,76.897607
6,Arekaduvina-Hogenakal Halla,4B2F6,11.649289,76.653669
7,Arkavati River Left,4B3C2,12.51231,77.53143
8,Arkavati River Right,4B3C1,12.411897,77.363494
9,Attingal,5A3A5,12.343691,75.470345
10,Awarja River,4D6D2,17.437609,76.52924
11,Awathi River,4D3F5,13.330398,76.230885
12,Badchi_Hire Halla,4D5E3,16.70848,75.178384
13,Badna Kere,4C1E5,13.38542,77.804581
14,Bagalkote_Ghataprabha River,4D5D1,16.181629,75.680247
15,Ballalasamudra Tank,4D3F3,13.51956,76.295884
16,Ballary_Hagari River Lower,4D3C3,15.18058,76.976514
17,Barchi,5B1B4,15.279061,74.635931
18,Bellandur Lake_Chinnal River,4C1E2,12.921312,77.679975
19,Bennethora Reservoir Lower,4D6C2,17.431124,77.076756
20,Bennethora Reservoir Upper,4D6C4,17.628899,76.753344
21,Bennihalla Left Lower,4D5B2,15.681002,75.293365
22,Bennihalla Left Upper,4D5B5,15.314161,75.223029
23,Bennihalla Right Lower,4D5B1,15.549671,75.519632
24,Bennihalla Right Upper,4D5B4,15.320494,75.400445
25,Bennithora,4D6C5,17.733158,76.576527
26,Bethamangala_Palar River Upper,4C2C3,13.022292,78.328351
27,Bhadra River Lower,4D4E1,13.808898,75.743694
28,Bhadra River Middle,4D4E4,13.449262,75.527228
29,Bhadra River Upper,4D4E5,13.219518,75.406281
30,Bhrugu ,4B3F4,11.914006,76.492059
31,Bidari_Hirehalla,4D5E2,16.634319,75.434505
32,Bilahar Halla,4D6A1,16.667638,77.055441
33,Bor River,4D7A2,17.232003,75.676128
34,BoranaKanive Reservoir,4D3E4,13.469388,76.548016
35,Bori River,4D6D3,17.313328,76.347778
36,BTP Dam,4D3D4,14.468178,76.623681
37,Bythanur_Kaundinya River,4C2C7,13.243019,78.463001
38,Chandurni,5A3A8,12.729653,75.114733
39,Chapora,5B1C4,15.664607,74.126863
40,Chaul-Sasve Halla,4D5A7,15.722916,75.84915
41,Chikka Tore-Kani Halla,4B3D4,12.770404,76.831508
42,ChikkaHagari River Upper,4D4A5,14.498681,76.167864
43,Dandavati River,4D4F6,14.430266,75.150261
44,Devapura Nala,4D5C2,16.561031,76.619389
45,DevaraBelakere Reservoir Left,4D4C3,14.300779,75.837941
46,DevaraBelakere Reservoir Right,4D4C4,14.293856,76.0243
47,Devaramadu-Sikaru Halla,4B2F5,11.639853,76.806787
48,Dharma River,4D4F4,14.801994,75.108788
49,Dharmapura_Vedavati River Lower,4D3D8,14.020482,76.884472
50,Dharmavaram Tank,4C3G6,14.217755,77.489276
51,Dodda-Kempa Hiri Halla,4D6A4,16.769145,76.42669
52,Dodda Halla,4B3A5,12.179526,77.249612
53,Dodda Halla_Varada River,4D4F1,14.748364,75.463119
54,Don River Lower,4D5C5,16.606414,76.199945
55,Don River Middle,4D5C6,16.690378,75.804488
56,Don River Upper,4D5C7,16.812264,75.479173
57,Dudhganga River,4D5F4,16.563708,74.423491
58,Duganur HallaL,4D3B3,16.084067,77.317377
59,Gabbur_Krishna River,4D5A1,16.378189,77.055778
60,Gandori Nadi,4D6C3,17.663377,76.892113
61,Gangavali,5B1A5,14.708966,74.78328
62,Gangavati-Huvina Halla,4D3H7,15.394146,76.36127
63,Garani Halla Lower,4D3D6,14.231845,76.696277
64,Garani Halla Upper,4D3D7,14.189909,76.504049
65,Garchi Halla,4D3A8,15.723559,77.029264
66,Gauri Halla,4D3F7,13.477644,75.920588
67,Gayatri Reservoir,4D3E3,13.58078,76.723729
68,Geddalamari Halla,4D5C3,16.421766,76.537034
69,Ghirni,4E5E2,18.126951,76.96089
70,Gorebal Nadi,4D3H3,15.621911,76.73771
71,Gorthapalli_Maduleru,4C3G3,13.927214,77.959575
72,Gottamgutta Halla,4D6B8,17.511261,77.55096
73,Gundal Reservoir Lower,4B3F1,12.048569,76.728106
74,Gundal Reservoir Upper,4B3F2,11.804418,76.67329
75,Gundia,5A3B3,12.848213,75.576877
76,HagariBommanahalli Reservoir,4D4A2,14.869787,76.09655
77,Haladi River,5A3C1,13.641346,74.933056
78,Hampi,4D3H5,15.295086,76.493962
79,Handi Halla-Chinnamma Venka,4C3I6,13.687729,77.62655
80,Harangi River,4B4A4,12.560565,75.887256
81,Heb Halla,4B3D2,12.551751,76.935281
82,Hebb Nala_Kal Halla,4D7A1,17.26737,75.784761
83,Hebbal-Kenjal Halla,4D6A5,17.061712,76.369198
84,Hebbal_Dodda Halla,4D4B6,15.09269,75.57171
85,Hemavathi River Lower,4B4B1,12.624915,76.49714
86,Hemavathi River Middle,4B4B2,12.865565,76.432182
87,Hemavathi River Upper,4B4B3,12.926872,76.20968
88,Hesaragatta Reservoir,4B3C5,13.272485,77.509444
89,Hidkal Reservoir Left,4D5D9,16.103396,74.503828
90,Hidkal Reservoir Right,4D5D7,16.080174,74.586305
91,Hira Halla,4D5C8,16.331557,76.110962
92,Hiranyakshi River,4D5D8,16.257309,74.540977
93,Hire-Kadival Halla,4D5A6,16.041578,75.762502
94,Hire Halla-Sogali River,4D5C4,16.418305,76.204432
95,Hirehadagali_TungaBhadra River,4D4A7,14.900367,75.887583
96,HireHalla Dam,4D4B2,15.539664,75.977611
97,Hiriyuru_Vedavati River,4D3E5,13.916074,76.570072
98,Holali_Palar River Upper,4C2C4,13.255576,78.135717
99,Holalu_Hire Halla,4D4C1,14.762361,75.806262
100,Honnali_TungaBhadra River,4D4D4,14.182257,75.57601
101,Hoskote Kere,4C1E4,13.181059,77.768508
102,Hulu Halla,4B3D1,12.400235,77.114518
103,Hungund-Ilkal Halla,4D5A4,15.978468,76.107199
104,Hutti Halla,4D5A2,16.262299,76.724289
105,Huvinahadagali_TungaBhadra River,4D4A6,15.079278,76.034413
106,Indi Halla,4D6A9,17.222974,75.964329
107,Ittikara,5A3A6,12.435679,75.425633
108,Jakki-Katte Hole,4B4B5,13.057706,75.668395
109,Jamkhandi_Krishna River,4D5F1,16.457003,75.356015
110,Janaga Halla Lower,4D3G2,14.821986,76.662021
111,Janaga Halla Middle,4D3G3,14.59187,76.452973
112,Janaga Halla Upper,4D3G4,14.219138,76.306105
113,Jayamangali-Swarnamukhi River,4C3I9,13.445742,77.276274
114,Jayamangali River,4C3I8,13.675205,77.284832
115,Jevargi Halla,4D6A2,16.873764,76.796046
116,Kadaba Reservoir,4B3E5,13.347047,77.001057
117,Kala Nala,4E3B9,18.15406,77.552008
118,Kalhati_KatteHole,4D4E2,13.676763,75.843809
119,Kalloli Hiri Halla,4D5D4,16.319181,74.794377
120,Kamalavathi Nadi,4D6B3,17.069773,77.228638
121,Kanva Reservoir,4B3D3,12.70655,77.171449
122,Kanvi-Tapsi Halla,4D5D5,16.07128,74.915821
123,Kapila River Lower,4B3F3,12.267547,76.664122
124,Kapila River Middle,4B3F6,12.145059,76.303315
125,Kapila River Upper,4B3F7,11.932546,76.285101
126,Karadihalli_Janaga Halla,4D3G1,14.92026,76.801918
127,Karala Halla,4D4C2,14.541899,75.946177
128,Karanja -Manjra River Lower,4E5C1,17.963043,77.113085
129,Karanja  Reservoir Right Upper,4E5C2,17.795188,77.435175
130,Karanja Reservoir Left Upper,4E5C3,17.774327,77.184454
131,Karur_Hagari River Lower,4D3C2,15.33457,76.899118
132,Katral Halla,4D6D5,17.272218,76.174025
133,Kaulas Halla,4E3B7,18.24799,77.458843
134,Kavalur_Hire Halla,4D4B3,15.271287,75.964707
135,Kela River,5A3B5,13.018256,75.070872
136,Kittur_Jaul Halla,4D5B6,15.843604,75.317832
137,Kodeyar,5A3A2,12.083725,75.848628
138,Kolioda,5A3A7,12.525798,75.469078
139,Kollur River,5A3C2,13.784266,74.831536
140,Kollur_Bhima River,4D6B2,16.935834,77.03964
141,Konad Halla,4D2E3,16.284486,77.348454
142,Konasagara_Hagari River,4D3D2,14.649221,76.739153
143,Koppakere Halla,4C1E6,12.926983,78.188754
144,Koppal_Hire Halla,4D4B1,15.393278,76.159987
145,Kottur_ChikkaHagari River,4D4A4,14.769297,76.284063
146,KRS_Kaveri River,4B4A3,12.566871,76.235794
147,Kudlura Halla,4D3A7,15.81701,77.046812
148,Kukkasamudra_Vedavati River,4D3F4,13.76625,76.097486
149,Kumadvati-Pennar North Upper,4C3I7,13.533334,77.515088
150,Kumaradhara,5A3B2,12.683504,75.531623
151,Kumudvati River Lower,4D4D2,14.416578,75.458055
152,Kumudvati River Upper,4D4D3,14.083387,75.321422
153,Kushavati-Chitravati River,4C3G8,13.670283,77.798556
154,Kushavati-Papagni River,4C3D8,13.564003,78.005217
155,Kyatagana Kere_Pennar North Upper,4C3I3,14.134176,77.222372
156,Lakshmanatirtha River Lower,4B4A1,12.376408,76.351798
157,Lakshmanatirtha River Upper,4B4A2,12.218545,76.060578
158,LB Krishna,4D5E6,16.661338,74.784557
159,Lendi River Lower,4E3B5,18.387018,77.400344
160,Lendi River Middle,4E3B6,18.371984,77.309336
161,Linganamakki Reservoir,5A3C6,13.948454,74.925199
162,Lokapavani River,4B3D7,12.583794,76.669045
163,Lower Bedti,5B1A3,14.673558,74.466835
164,Lower Dogi,5B1B6,15.175222,74.847545
165,Lower Kali,5B1B1,14.831523,74.276458
166,Lower Netravati,5A3B1,12.866641,75.064305
167,Lower Sharavathi,5A3C4,14.292737,74.547622
168,Lower Tadri,5B1A1,14.48691,74.483698
169,Machkulla,4D6D1,17.214579,76.727789
170,Mada-Dodda Halla,4D6A8,16.92407,75.788987
171,Madakasira_Pennar North Upper,4C3I4,14.000375,77.296522
172,Madoi,5B1C6,15.60398,74.316692
173,Malaprabha River Lower,4D5B8,15.774349,74.847023
174,Malaprabha River Upper,4D5B9,15.653628,74.520281
175,Malatur_Kaigal River,4C2C5,13.09857,78.468871
176,Maleru,4B3A1,11.976373,77.478316
177,Mallapur-Yadawad Halla,4D5D3,16.19376,75.230665
178,Malur_Pennar River South,4C1E3,12.982393,77.870035
179,Manchanabele Reservoir,4B3C3,12.781907,77.308359
180,Mandovi,5B1C5,15.323341,74.31123
181,Manjra River Left Lower,4E5B2,18.095202,77.548147
182,Manjra River Left Middle,4E5B3,18.174633,77.362211
183,Manjra River Left Upper,4E5B4,18.163497,77.112192
184,Manjra River Right Middle,4E5A8,18.034812,77.383061
185,Marali Halla,4D3H6,15.556035,76.397655
186,Mariyammanahalli_TungaBhadra River,4D4A1,15.117225,76.350772
187,Markanda Halla,4C1E7,12.935001,78.044422
188,Markandeya Reservoir,4D5D6,15.946432,74.590624
189,Markonahalli Reservoir Left,4B3E2,13.149836,76.988363
190,Markonahalli Reservoir Right,4B3E1,12.983555,76.688227
191,Maski River Lower,4D3B6,16.004728,76.799566
192,Maski River Upper,4D3B7,15.902622,76.387424
193,Meerjapur Halla,4D3B2,15.991872,77.456766
194,Middle Bedti,5B1A4,14.790117,74.634205
195,Middle Kali,5B1B2,14.942883,74.493263
196,Middle Sharavathi,5A3C5,14.20353,74.735894
197,Minch Halla,4D6C1,17.285603,76.931051
198,Minnattu Halla,4B3A2,11.835578,77.371418
199,MK_Hire Halla,4D5A8,15.591441,75.681124
200,Mudhol_Ghataprabha River,4D5D2,16.327199,75.37187
201,Mudimadagu_Bahuda River,4C3B7,13.546052,78.383791
202,Muguru Halla,4B3A8,12.118425,76.932591
203,Mullamari Reservoir Lower,4D6B4,17.34724,77.366023
204,Mullamari Reservoir Upper,4D6B9,17.623057,77.171878
205,Mundargi_Hire Halla,4D4B4,15.264596,75.783673
206,Mundawada_Hire Halla,4D4B5,15.147458,75.70607
207,Nagani Nadi,4B3D5,12.982257,77.047832
208,Nagaru Halla_Varada River,4D4F3,14.647865,75.290356
209,Nalla Vagu,4D2E1,16.262401,77.509233
210,Nandihal Halla,4D3B5,16.049654,76.942436
211,Narayanapura-Yalgaldinni Halla,4D5A3,16.140388,76.405952
212,Nari Halla Lower,4D3H1,15.398209,76.769373
213,Nari Halla Upper,4D3H2,15.079769,76.60503
214,Navali-Sindi Halla,4D6A6,16.964336,76.170417
215,Nedalgi-Hipparagi Halla,4D6A3,16.989193,76.573654
216,Neyyar,5A3A3,12.23428,75.556438
217,Nivaragi_Doddahalla,4D7A4,17.376707,75.626485
218,Nonavina Kere,4B3E4,13.151949,76.41789
219,Nugu Reservoir,4B3F5,11.75125,76.412227
220,Obalapura_Hagari River,4D3D3,14.455647,76.927453
221,Obalapura_Pennar North Upper,4C3I5,13.829225,77.334939
222,Panchganga River,4D5G1,16.632623,74.483959
223,Pandri,5B1B5,15.357344,74.430036
224,Parashuramapura_Vedavati River Lower,4D3D5,14.232383,76.949923
225,Parvathakatti-Dodda Halla,4D5E1,16.486012,75.742486
226,Pattan Halla,4D7A3,16.934251,75.507855
227,Peddavagu Lower,4D2E4,16.597403,77.379664
228,Peddavagu Upper,4D2E5,16.775179,77.377263
229,Pennar Reservoir North Upper ,4C3I2,14.274041,77.233013
230,Pesalaparthi_Chitravati River,4C3G7,13.908001,77.85924
231,Puttar,5A3A1,12.163046,75.647924
232,Rajalabanda Halla,4D3B4,16.099889,77.079931
233,Ramdurg_Malaprabha River,4D5B7,15.960174,75.28518
234,Rangasamudra,4D5A5,15.981749,75.926069
235,Ranibennur_TungaBhadra River,4D4D1,14.685941,75.651963
236,Raravi_Hire Halla,4D3C1,15.606868,76.988321
237,Rayalpadu_Papagni River,4C3D6,13.506661,78.2515
238,Raybag_Krishna River,4D5F2,16.516362,74.831637
239,RottiHalla_ChikkaHagari River,4D4A3,14.969605,76.315046
240,Sagara_Varada River,4D4F7,14.291272,74.993424
241,Sal,5B1C1,14.935903,74.175032
242,Sankadagundi ,5A3C3,13.988485,74.625583
243,Saswehalli_TungaBhadra River,4D4C6,14.207105,75.734172
244,Sattanal Nadi,4D6A7,17.018654,76.011211
245,Savanur_Varada River,4D4F2,14.984442,75.375306
246,Shamala River,5B1A7,15.209207,75.03095
247,Shambhavi River,5A3B6,13.160039,74.874055
248,Shanthisagara,4D4C5,14.029038,76.041762
249,Shivanasamudra,4B3D6,12.316919,76.955564
250,Siddapur_Hire Halla,4D3H4,15.654775,76.438789
251,Sindanur River,4D3B8,15.817615,76.635772
252,Sita River,5A3B8,13.489157,74.8963
253,Somavahini Halla,4D4E3,13.506076,75.650648
254,Sopkunta Nadi,4D6B5,17.084925,77.413333
255,Suvarnamukhi River Lower,4D3E1,13.780683,76.824681
256,Suvarnamukhi River Upper,4D3E2,13.648786,77.010249
257,Suvarnavathi River Lower,4B3A6,11.941461,76.991345
258,Suvarnavathi River Upper,4B3A7,11.819459,77.087068
259,Swarna River,5A3B7,13.324032,74.970771
260,Thalakaveri,4B4A5,12.333276,75.774115
261,Thippagondanahalli Reservoir,4B3C4,13.103126,77.369568
262,Tilari,5B1D1,15.74356,74.211636
263,Tunga-Halati River,4D4E8,13.550248,75.210314
264,Tunga-Sita River,4D4E9,13.369461,75.263863
265,Tunga River Left,4D4E7,13.834842,75.391571
266,Tunga River Right,4D4E6,13.696037,75.465034
267,Tuppari Halla,4D5B3,15.573696,74.995164
268,Turuvekere Reservoir,4B3E3,13.230523,76.654712
269,Uduthora Halla,4B3A4,12.041852,77.318168
270,Umaraj,4D7A5,17.43633,75.646108
271,Upper Bedti,5B1A6,14.913287,74.896119
272,Upper Dogi,5B1B7,15.424331,74.773248
273,Upper Kali,5B1B3,15.092061,74.533297
274,Upper Netravati,5A3B4,12.983745,75.388864
275,Upper Sharavathi,5A3C7,14.038434,75.103584
276,Upper Tadri,5B1A2,14.46393,74.75299
277,Valluru_Peddavanka,4C3H5,14.265677,77.445439
278,Vandaman River,4C3D7,13.799022,77.997088
279,VaniVilasaSagara Reservoir North,4D3F2,13.915292,76.348181
280,VaniVilasaSagara Reservoir South,4D3F1,13.691358,76.42764
281,Veda River,4D3F6,13.299706,76.044751
282,Vedganga River Lower,4D5F3,16.462668,74.483409
283,Vedganga River Upper,4D5F5,16.422941,74.328475
284,Vrishabhavathi River,4B3C6,12.825368,77.467637
285,Yadgir_Nala,4D6B1,16.730318,77.221117
286,Yagachi River Lower,4B4B6,12.977611,76.009738
287,Yagachi River Upper,4B4B7,13.194311,75.811962
288,Yalapi_Pedda Vanka,4D3C5,15.132927,77.084877
289,Yelakuru Halla,4B3A3,12.11708,77.622551
290,Yerragudi_Pedda Vanka,4D3C4,15.238429,77.120728
291,Zuari,5B1C3,15.122083,74.299484
